{
  "features": [
    "MFCC_1",
    "MFCC_2",
    "MFCC_3",
    "MFCC_4",
    "MFCC_5",
    "MFCC_6",
    "MFCC_7",
    "MFCC_8",
    "MFCC_9",
    "MFCC_10",
    "MFCC_11",
    "MFCC_12",
    "MFCC_13",
    "F0",
    "Jitter",
    "Shimmer",
    "NHR",
    "HNR",
    "RPDE",
    "DFA",
    "PPE",
    "ZCR"
  ],
  "feature_names": [
    "MFCC_1",
    "MFCC_2",
    "MFCC_3",
    "MFCC_4",
    "MFCC_5",
    "MFCC_6",
    "MFCC_7",
    "MFCC_8",
    "MFCC_9",
    "MFCC_10",
    "MFCC_11",
    "MFCC_12",
    "MFCC_13",
    "F0",
    "Jitter",
    "Shimmer",
    "NHR",
    "HNR",
    "RPDE",
    "DFA",
    "PPE",
    "ZCR"
  ],
  "model_type": "RandomForestClassifier",
  "n_features": 22,
  "classes": [
    "healthy",
    "parkinsons"
  ],
  "class_labels": [
    0,
    1
  ],
  "training_date": "2026-03-28",
  "accuracy": 1.0,
  "roc_auc": 1.0,
  "feature_importance": {
    "MFCC_1": 0.01931787399070497,
    "MFCC_2": 0.023938939130529305,
    "MFCC_3": 0.06593732393520148,
    "MFCC_4": 0.08768658107840092,
    "MFCC_5": 0.07708091590715498,
    "MFCC_6": 0.04208956003517976,
    "MFCC_7": 0.03231985503712261,
    "MFCC_8": 0.08089651606397166,
    "MFCC_9": 0.04598982077533716,
    "MFCC_10": 0.05398483269475409,
    "MFCC_11": 0.05350349219729295,
    "MFCC_12": 0.04976679760516141,
    "MFCC_13": 0.05037486971879033,
    "F0": 0.023668142612685204,
    "Jitter": 0.025292043418914164,
    "Shimmer": 0.067099185913649,
    "NHR": 0.02725514818781453,
    "HNR": 0.023989157927359336,
    "RPDE": 0.043541030011394595,
    "DFA": 0.04558206696834845,
    "PPE": 0.0269039094285105,
    "ZCR": 0.033781937361722525
  },
  "training_samples": {
    "healthy": 500,
    "parkinsons": 500,
    "total": 1000
  },
  "info": "Trained on multi-language dataset (5 languages)"
}